1, 1584454655792, client0, scan0, debloquer, [], 0
2, 1584454655801, client0, scan0, scanner, [8718309259938], 0
3, 1584454656089, client1, scan1, debloquer, [], 0
4, 1584454656095, client0, scan0, scanner, [3560070976478], 0
5, 1584454656105, client1, scan1, scanner, [3560070048786], 0
6, 1584454656127, client2, scan2, debloquer, [], 0
7, 1584454656146, client0, scan0, scanner, [3560070139675], 0
8, 1584454656152, client1, scan1, scanner, [3270190022534], 0
9, 1584454656157, client2, scan2, scanner, [3020120029030], 0
10, 1584454656192, client3, scan3, debloquer, [], 0
11, 1584454656196, client0, scan0, scanner, [3560070976478], 0
12, 1584454656198, client1, scan1, scanner, [3474377910724], 0
13, 1584454656201, client2, scan2, scanner, [3474377910724], 0
14, 1584454656203, client3, scan3, scanner, [3270190022534], 0
15, 1584454656220, client0, scan0, scanner, [3046920010856], 0
16, 1584454656225, client1, scan1, scanner, [8718309259938], 0
17, 1584454656228, client2, scan2, scanner, [7640164630021], -2
18, 1584454656240, client3, scan3, scanner, [5410188006711], 0
19, 1584454656253, client0, scan0, scanner, [3046920010856], 0
20, 1584454656256, client1, scan1, scanner, [8715700110622], 0
21, 1584454656258, client2, scan2, scanner, [8715700110622], 0
22, 1584454656261, client3, scan3, scanner, [3270190022534], 0
23, 1584454656274, client0, scan0, scanner, [3270190022534], 0
24, 1584454656278, client1, scan1, transmission, [caisse0], 0
25, 1584454656278, client1, scan1, abandon, [], ?
26, 1584454656281, client2, scan2, scanner, [45496420598], 0
27, 1584454656284, client3, scan3, scanner, [8718309259938], 0
28, 1584454656298, client4, scan1, debloquer, [], 0
29, 1584454656307, client0, scan0, scanner, [45496420598], 0
30, 1584454656309, client1, caisse0, payer, [20], 4.34
31, 1584454656312, client2, scan2, transmission, [caisse1], 0
32, 1584454656312, client2, scan2, abandon, [], ?
33, 1584454656315, client3, scan3, scanner, [3474377910724], 0
34, 1584454656318, client4, scan1, scanner, [3560071097424], 0
35, 1584454656330, client5, scan2, debloquer, [], 0
36, 1584454656333, client0, scan0, scanner, [3017620402678], 0
37, 1584454656335, client2, caisse1, ouvrirSession, [], 0
38, 1584454656339, client3, scan3, scanner, [3020120029030], 0
39, 1584454656343, client4, scan1, scanner, [8715700110622], 0
40, 1584454656346, client5, scan2, scanner, [3560070976478], 0
41, 1584454656358, client0, scan0, scanner, [3017620402678], 0
42, 1584454656361, client2, caisse1, ajouter, [7640164630021], 0
43, 1584454656364, client3, scan3, scanner, [8718309259938], 0
44, 1584454656367, client4, scan1, scanner, [5410188006711], 0
45, 1584454656370, client5, scan2, scanner, [3020120029030], 0
46, 1584454656382, client0, scan0, scanner, [3245412567216], 0
47, 1584454656384, client2, caisse1, fermerSession, [], 0
48, 1584454656386, client3, scan3, transmission, [caisse2], 0
49, 1584454656386, client3, scan3, abandon, [], ?
50, 1584454656389, client4, scan1, scanner, [3560070976478], 0
51, 1584454656392, client5, scan2, scanner, [45496420598], 0
52, 1584454656405, client6, scan3, debloquer, [], 0
53, 1584454656408, client0, scan0, scanner, [5410188006711], 0
54, 1584454656409, client2, caisse1, payer, [296.15], 0
55, 1584454656409, client3, caisse2, payer, [30], 7.09
56, 1584454656410, client4, scan1, scanner, [8718309259938], 0
57, 1584454656414, client5, scan2, scanner, [3570590109324], -2
58, 1584454656417, client6, scan3, scanner, [3570590109324], -2
59, 1584454656431, client0, scan0, scanner, [3017620402678], 0
60, 1584454656434, client4, scan1, scanner, [3560070048786], 0
61, 1584454656437, client5, scan2, scanner, [3046920010856], 0
62, 1584454656438, client6, scan3, scanner, [7640164630021], -2
63, 1584454656457, client0, scan0, transmission, [caisse3], 0
64, 1584454656458, client0, scan0, abandon, [], ?
65, 1584454656458, client4, scan1, supprimer, [3560070048786], 0
66, 1584454656459, client4, scan1, scanner, [7640164630021], -2
67, 1584454656461, client5, scan2, scanner, [3017800238592], 0
68, 1584454656464, client6, scan3, scanner, [3017800238592], 0
69, 1584454656478, client7, scan0, debloquer, [], 0
70, 1584454656481, client0, caisse3, payer, [79.26], 0
71, 1584454656484, client4, scan1, scanner, [3270190022534], 0
72, 1584454656487, client5, scan2, scanner, [8715700110622], 0
73, 1584454656490, client6, scan3, scanner, [3520115810259], 0
74, 1584454656498, client7, scan0, scanner, [3270190022534], 0
75, 1584454656512, client4, scan1, scanner, [3520115810259], 0
76, 1584454656518, client6, scan3, scanner, [3270190022534], 0
77, 1584454656522, client7, scan0, scanner, [3017620402678], 0
78, 1584454656543, client4, scan1, scanner, [3560070976478], 0
79, 1584454656548, client7, scan0, scanner, [3017800238592], 0
80, 1584454656560, client4, scan1, scanner, [3560070048786], 0
81, 1584454656564, client7, scan0, scanner, [3245412567216], 0
82, 1584454656610, client4, scan1, scanner, [8718309259938], 0
83, 1584454656612, client7, scan0, scanner, [3020120029030], 0
84, 1584454656624, client4, scan1, scanner, [3046920010856], 0
85, 1584454656627, client7, scan0, scanner, [8718309259938], 0
86, 1584454656646, client7, scan0, scanner, [3046920010856], 0
87, 1584454656708, client5, scan2, scanner, [3560070139675], 0
88, 1584454656711, client7, scan0, scanner, [3017620402678], 0
89, 1584454656723, client5, scan2, scanner, [8718309259938], 0
90, 1584454656725, client7, scan0, scanner, [3560070976478], 0
91, 1584454656753, client6, scan3, scanner, [3017620402678], 0
92, 1584454656770, client5, scan2, supprimer, [8718309259938], 0
93, 1584454656788, client5, scan2, scanner, [7640164630021], -2
94, 1584454656803, client5, scan2, scanner, [3560070139675], 0
95, 1584454656806, client6, scan3, scanner, [7640164630021], -2
96, 1584454656834, client4, scan1, scanner, [3046920010856], 0
97, 1584454656862, client4, scan1, scanner, [3560070139675], 0
98, 1584454656877, client4, scan1, scanner, [3046920010856], 0
99, 1584454656944, client4, scan1, supprimer, [3046920010856], 0
100, 1584454656946, client5, scan2, scanner, [3020120029030], 0
101, 1584454656947, client6, scan3, supprimer, [7640164630021], -2
102, 1584454656948, client6, scan3, scanner, [3046920010856], 0
103, 1584454656961, client4, scan1, scanner, [3474377910724], 0
104, 1584454657047, client5, scan2, scanner, [5410188006711], 0
105, 1584454657116, client4, scan1, transmission, [caisse0], 0
106, 1584454657116, client4, scan1, abandon, [], ?
107, 1584454657131, client8, scan1, debloquer, [], 0
108, 1584454657132, client4, caisse0, ouvrirSession, [], 0
109, 1584454657134, client6, scan3, scanner, [3046920010856], 0
110, 1584454657136, client8, scan1, scanner, [8715700110622], 0
111, 1584454657148, client4, caisse0, ajouter, [7640164630021], 0
112, 1584454657153, client8, scan1, scanner, [3020120029030], 0
113, 1584454657163, client4, caisse0, fermerSession, [], 0
114, 1584454657164, client5, scan2, scanner, [3270190022534], 0
115, 1584454657169, client8, scan1, scanner, [3570590109324], -2
116, 1584454657181, client4, caisse0, payer, [273.09], 0
117, 1584454657185, client8, scan1, scanner, [3520115810259], 0
118, 1584454657196, client5, scan2, scanner, [3017800238592], 0
119, 1584454657200, client8, scan1, scanner, [3560070139675], 0
120, 1584454657212, client5, scan2, transmission, [caisse1], 0
121, 1584454657213, client5, scan2, abandon, [], ?
122, 1584454657214, client6, scan3, transmission, [caisse2], 0
123, 1584454657214, client6, scan3, abandon, [], ?
124, 1584454657229, client9, scan2, debloquer, [], 0
125, 1584454657231, client5, caisse1, ouvrirSession, [], 0
126, 1584454657231, client6, caisse2, ouvrirSession, [], 0
127, 1584454657236, client9, scan2, scanner, [3046920010856], 0
128, 1584454657247, client10, scan3, debloquer, [], 0
129, 1584454657248, client5, caisse1, ajouter, [7640164630021], 0
130, 1584454657248, client6, caisse2, ajouter, [7640164630021], 0
131, 1584454657249, client7, scan0, scanner, [3046920010856], 0
132, 1584454657256, client9, scan2, scanner, [3046920010856], 0
133, 1584454657258, client10, scan3, scanner, [3270190022534], 0
134, 1584454657269, client5, caisse1, ajouter, [3570590109324], 0
135, 1584454657270, client6, caisse2, ajouter, [7640164630021], 0
136, 1584454657273, client9, scan2, scanner, [3017800238592], 0
137, 1584454657274, client10, scan3, scanner, [8718309259938], 0
138, 1584454657288, client5, caisse1, fermerSession, [], 0
139, 1584454657289, client6, caisse2, ajouter, [3570590109324], 0
140, 1584454657291, client7, scan0, transmission, [caisse3], 0
141, 1584454657292, client7, scan0, abandon, [], ?
142, 1584454657294, client9, scan2, scanner, [8718309259938], 0
143, 1584454657295, client10, scan3, scanner, [3270190022534], 0
144, 1584454657307, client11, scan0, debloquer, [], 0
145, 1584454657308, client5, caisse1, payer, [311.69], 0
146, 1584454657308, client6, caisse2, fermerSession, [], 0
147, 1584454657309, client7, caisse3, payer, [30], 9.719999999999999
148, 1584454657311, client9, scan2, scanner, [3017800238592], 0
149, 1584454657313, client10, scan3, scanner, [3046920010856], 0
150, 1584454657314, client11, scan0, scanner, [7640164630021], -2
151, 1584454657326, client6, caisse2, payer, [490], 5.569999999999993
152, 1584454657330, client10, scan3, scanner, [3560070976478], 0
153, 1584454657331, client11, scan0, scanner, [7640164630021], -2
154, 1584454657347, client11, scan0, scanner, [8715700110622], 0
155, 1584454657361, client11, scan0, scanner, [5410188006711], 0
156, 1584454657376, client11, scan0, scanner, [8715700110622], 0
157, 1584454657402, client10, scan3, scanner, [45496420598], 0
158, 1584454657404, client11, scan0, scanner, [3560070048786], 0
159, 1584454657417, client11, scan0, scanner, [3046920010856], 0
160, 1584454657442, client11, scan0, scanner, [3046920010856], 0
161, 1584454657454, client8, scan1, scanner, [5410188006711], 0
162, 1584454657456, client11, scan0, scanner, [3046920010856], 0
163, 1584454657470, client11, scan0, scanner, [3520115810259], 0
164, 1584454657483, client11, scan0, scanner, [3020120029030], 0
165, 1584454657537, client11, scan0, scanner, [45496420598], 0
166, 1584454657554, client9, scan2, scanner, [8718309259938], 0
167, 1584454657654, client8, scan1, scanner, [3560070976478], 0
168, 1584454657655, client10, scan3, scanner, [8715700110622], 0
169, 1584454657683, client11, scan0, scanner, [5410188006711], 0
170, 1584454657696, client11, scan0, scanner, [3017800238592], 0
171, 1584454657735, client9, scan2, scanner, [3020120029030], 0
172, 1584454657750, client9, scan2, scanner, [7640164630021], -2
173, 1584454657822, client9, scan2, scanner, [3046920010856], 0
174, 1584454657873, client11, scan0, scanner, [8718309259938], 0
175, 1584454657889, client10, scan3, scanner, [3520115810259], 0
176, 1584454657991, client8, scan1, transmission, [caisse0], 0
177, 1584454657991, client8, scan1, abandon, [], ?
178, 1584454658005, client12, scan1, debloquer, [], 0
179, 1584454658006, client8, caisse0, ouvrirSession, [], 0
180, 1584454658012, client12, scan1, scanner, [3474377910724], 0
181, 1584454658023, client8, caisse0, ajouter, [3570590109324], 0
182, 1584454658028, client12, scan1, scanner, [5410188006711], 0
183, 1584454658040, client8, caisse0, fermerSession, [], 0
184, 1584454658044, client12, scan1, scanner, [3046920010856], 0
185, 1584454658055, client8, caisse0, payer, [24.66], 0
186, 1584454658059, client12, scan1, scanner, [3017620402678], 0
187, 1584454658074, client12, scan1, scanner, [45496420598], 0
188, 1584454658116, client9, scan2, transmission, [caisse1], 0
189, 1584454658116, client9, scan2, abandon, [], ?
190, 1584454658119, client10, scan3, transmission, [caisse3], 1
191, 1584454658123, client12, scan1, scanner, [3570590109324], -2
192, 1584454658139, client13, scan2, debloquer, [], 0
193, 1584454658140, client9, caisse1, ouvrirSession, [], 0
194, 1584454658142, client11, scan0, transmission, [caisse2], 0
195, 1584454658143, client11, scan0, abandon, [], ?
196, 1584454658147, client13, scan2, scanner, [8715700110622], 0
197, 1584454658172, client14, scan0, debloquer, [], 0
198, 1584454658173, client9, caisse1, ajouter, [7640164630021], 0
199, 1584454658208, client10, scan3, scanner, [3520115810259], 0
200, 1584454658208, client11, caisse2, ouvrirSession, [], 0
201, 1584454658213, client13, scan2, scanner, [3560070048786], 0
202, 1584454658215, client14, scan0, scanner, [3046920010856], 0
203, 1584454658227, client9, caisse1, fermerSession, [], 0
204, 1584454658228, client10, scan3, scanner, [8715700110622], 0
205, 1584454658229, client11, caisse2, ajouter, [7640164630021], 0
206, 1584454658231, client13, scan2, scanner, [3020120029030], 0
207, 1584454658231, client14, scan0, scanner, [5410188006711], 0
208, 1584454658243, client9, caisse1, payer, [260], 8.669999999999987
209, 1584454658243, client10, scan3, scanner, [45496420598], 0
210, 1584454658244, client11, caisse2, ajouter, [7640164630021], 0
211, 1584454658246, client12, scan1, scanner, [8718309259938], 0
212, 1584454658248, client13, scan2, scanner, [3560070048786], 0
213, 1584454658250, client14, scan0, scanner, [3017620402678], 0
214, 1584454658261, client10, scan3, scanner, [3560070976478], 0
215, 1584454658263, client11, caisse2, fermerSession, [], 0
216, 1584454658269, client13, scan2, scanner, [3560070048786], 0
217, 1584454658270, client14, scan0, scanner, [3474377910724], 0
218, 1584454658282, client10, scan3, scanner, [3046920010856], 0
219, 1584454658284, client11, caisse2, payer, [550], 5.0499999999999545
220, 1584454658286, client12, scan1, scanner, [3474377910724], 0
221, 1584454658292, client13, scan2, scanner, [3560071097424], 0
222, 1584454658293, client14, scan0, scanner, [3020120029030], 0
223, 1584454658303, client10, scan3, scanner, [3270190022534], 0
224, 1584454658306, client13, scan2, scanner, [3017620402678], 0
225, 1584454658320, client10, scan3, scanner, [8718309259938], 0
226, 1584454658323, client13, scan2, scanner, [3020120029030], 0
227, 1584454658338, client10, scan3, scanner, [3270190022534], 0
228, 1584454658341, client13, scan2, scanner, [3270190022534], 0
229, 1584454658342, client14, scan0, scanner, [8718309259938], 0
230, 1584454658355, client10, scan3, transmission, [caisse3], 0
231, 1584454658357, client10, scan3, abandon, [], ?
232, 1584454658361, client13, scan2, supprimer, [3270190022534], 0
233, 1584454658363, client13, scan2, scanner, [3020120029030], 0
234, 1584454658376, client15, scan3, debloquer, [], 0
235, 1584454658377, client10, caisse3, payer, [80], 5.799999999999997
236, 1584454658390, client13, scan2, scanner, [3270190022534], 0
237, 1584454658394, client15, scan3, scanner, [3046920010856], 0
238, 1584454658406, client13, scan2, scanner, [3020120029030], 0
239, 1584454658408, client15, scan3, scanner, [3560071097424], 0
240, 1584454658564, client13, scan2, scanner, [3017800238592], 0
241, 1584454658573, client15, scan3, scanner, [3560070139675], 0
242, 1584454658589, client15, scan3, scanner, [8718309259938], 0
243, 1584454658605, client14, scan0, scanner, [3046920010856], 0
244, 1584454658606, client15, scan3, scanner, [8715700110622], 0
245, 1584454658638, client14, scan0, scanner, [8718309259938], 0
246, 1584454658699, client12, scan1, scanner, [5410188006711], 0
247, 1584454658872, client12, scan1, transmission, [caisse0], 0
248, 1584454658873, client12, scan1, abandon, [], ?
249, 1584454658875, client13, scan2, scanner, [8718309259938], 0
250, 1584454658894, client16, scan1, debloquer, [], 0
251, 1584454658896, client12, caisse0, ouvrirSession, [], 0
252, 1584454658902, client16, scan1, scanner, [3017620402678], 0
253, 1584454658917, client12, caisse0, ajouter, [3570590109324], 0
254, 1584454658926, client16, scan1, scanner, [3046920010856], 0
255, 1584454658939, client12, caisse0, fermerSession, [], 0
256, 1584454658944, client16, scan1, scanner, [3474377910724], 0
257, 1584454658957, client12, caisse0, payer, [92.49], 0
258, 1584454658965, client16, scan1, scanner, [5410188006711], 0
259, 1584454658981, client16, scan1, scanner, [3560070048786], 0
260, 1584454659013, client16, scan1, scanner, [7640164630021], -2
261, 1584454659032, client16, scan1, scanner, [3046920010856], 0
262, 1584454659061, client13, scan2, transmission, [caisse1], 0
263, 1584454659061, client13, scan2, abandon, [], ?
264, 1584454659086, client16, scan1, scanner, [8715700110622], 0
265, 1584454659121, client17, scan2, debloquer, [], 0
266, 1584454659125, client13, caisse1, payer, [30], 7.940000000000001
267, 1584454659179, client14, scan0, transmission, [caisse2], 0
268, 1584454659180, client14, scan0, abandon, [], ?
269, 1584454659189, client16, scan1, scanner, [3017620402678], 0
270, 1584454659193, client17, scan2, scanner, [3270190022534], 0
271, 1584454659210, client18, scan0, debloquer, [], 0
272, 1584454659214, client14, caisse2, payer, [30], 2.370000000000001
273, 1584454659217, client15, scan3, transmission, [caisse3], 0
274, 1584454659226, client15, scan3, abandon, [], ?
275, 1584454659239, client16, scan1, scanner, [3017620402678], 0
276, 1584454659253, client17, scan2, scanner, [3520115810259], 0
277, 1584454659282, client18, scan0, scanner, [3270190022534], 0
278, 1584454659306, client19, scan3, debloquer, [], 0
279, 1584454659309, client15, caisse3, payer, [20], 8.04
280, 1584454659313, client16, scan1, supprimer, [3017620402678], 0
281, 1584454659316, client16, scan1, scanner, [3046920010856], 0
282, 1584454659320, client17, scan2, scanner, [3017800238592], 0
283, 1584454659321, client18, scan0, scanner, [3270190022534], 0
284, 1584454659323, client19, scan3, scanner, [3270190022534], 0
285, 1584454659338, client16, scan1, scanner, [8715700110622], 0
286, 1584454659341, client17, scan2, scanner, [3046920010856], 0
287, 1584454659347, client18, scan0, scanner, [3245412567216], 0
288, 1584454659350, client19, scan3, scanner, [3560070048786], 0
289, 1584454659361, client16, scan1, scanner, [8718309259938], 0
290, 1584454659362, client17, scan2, scanner, [3017620402678], 0
291, 1584454659364, client18, scan0, scanner, [3270190022534], 0
292, 1584454659365, client19, scan3, scanner, [3020120029030], 0
293, 1584454659377, client17, scan2, scanner, [3560071097424], 0
294, 1584454659378, client18, scan0, scanner, [3020120029030], 0
295, 1584454659380, client19, scan3, scanner, [5410188006711], 0
296, 1584454659392, client17, scan2, scanner, [3020120029030], 0
297, 1584454659394, client18, scan0, scanner, [8715700110622], 0
298, 1584454659396, client19, scan3, scanner, [7640164630021], -2
299, 1584454659408, client18, scan0, scanner, [3020120029030], 0
300, 1584454659410, client19, scan3, scanner, [8718309259938], 0
301, 1584454659425, client19, scan3, scanner, [3570590109324], -2
302, 1584454659454, client18, scan0, scanner, [3560070139675], 0
303, 1584454659495, client16, scan1, scanner, [3270190022534], 0
304, 1584454659498, client19, scan3, scanner, [3560070139675], 0
305, 1584454659557, client18, scan0, supprimer, [3560070139675], 0
306, 1584454659559, client19, scan3, scanner, [8715700110622], 0
307, 1584454659574, client19, scan3, scanner, [3560071097424], 0
308, 1584454659613, client18, scan0, scanner, [3017620402678], 0
309, 1584454659640, client16, scan1, scanner, [3017800238592], 0
310, 1584454659735, client19, scan3, scanner, [8715700110622], 0
311, 1584454659750, client18, scan0, scanner, [3017800238592], 0
312, 1584454659764, client16, scan1, transmission, [caisse0], 0
313, 1584454659765, client16, scan1, abandon, [], ?
314, 1584454659778, client20, scan1, debloquer, [], 0
315, 1584454659780, client16, caisse0, ouvrirSession, [], 0
316, 1584454659784, client20, scan1, scanner, [5410188006711], 0
317, 1584454659797, client16, caisse0, ajouter, [7640164630021], 0
318, 1584454659801, client20, scan1, scanner, [3474377910724], 0
319, 1584454659813, client16, caisse0, fermerSession, [], 0
320, 1584454659818, client20, scan1, scanner, [3046920010856], 0
321, 1584454659832, client16, caisse0, payer, [260.62], 0
322, 1584454659833, client18, scan0, scanner, [3560070048786], 0
323, 1584454659838, client20, scan1, scanner, [8718309259938], 0
324, 1584454659856, client20, scan1, scanner, [3020120029030], 0
325, 1584454659925, client17, scan2, scanner, [3017620402678], 0
326, 1584454659973, client17, scan2, transmission, [caisse1], 0
327, 1584454659974, client17, scan2, abandon, [], ?
328, 1584454659976, client18, scan0, scanner, [3520115810259], 0
329, 1584454659993, client21, scan2, debloquer, [], 0
330, 1584454659996, client17, caisse1, payer, [30], 8.899999999999999
331, 1584454660006, client21, scan2, scanner, [3474377910724], 0
332, 1584454660025, client18, scan0, transmission, [caisse2], 0
333, 1584454660025, client18, scan0, abandon, [], ?
334, 1584454660029, client21, scan2, scanner, [3560070976478], 0
335, 1584454660040, client22, scan0, debloquer, [], 0
336, 1584454660041, client18, caisse2, payer, [30], 9.010000000000002
337, 1584454660042, client20, scan1, scanner, [3046920010856], 0
338, 1584454660046, client21, scan2, scanner, [3474377910724], 0
339, 1584454660048, client22, scan0, scanner, [3560070976478], 0
340, 1584454660064, client21, scan2, scanner, [8715700110622], 0
341, 1584454660065, client22, scan0, scanner, [3046920010856], 0
342, 1584454660079, client21, scan2, scanner, [3270190022534], 0
343, 1584454660080, client22, scan0, scanner, [45496420598], 0
344, 1584454660095, client22, scan0, scanner, [3560070048786], 0
345, 1584454660120, client22, scan0, scanner, [3020120029030], 0
346, 1584454660139, client19, scan3, transmission, [caisse3], 1
347, 1584454660142, client22, scan0, scanner, [3474377910724], 0
348, 1584454660172, client19, scan3, scanner, [8715700110622], 0
349, 1584454660189, client19, scan3, scanner, [3560071097424], 0
350, 1584454660205, client19, scan3, scanner, [8715700110622], 0
351, 1584454660218, client19, scan3, scanner, [3560070139675], 0
352, 1584454660278, client19, scan3, scanner, [8718309259938], 0
353, 1584454660323, client19, scan3, scanner, [5410188006711], 0
354, 1584454660341, client19, scan3, scanner, [3020120029030], 0
355, 1584454660360, client19, scan3, scanner, [3560070048786], 0
356, 1584454660377, client20, scan1, scanner, [3270190022534], 0
357, 1584454660392, client19, scan3, scanner, [3270190022534], 0
358, 1584454660409, client19, scan3, transmission, [caisse3], 0
359, 1584454660410, client19, scan3, abandon, [], ?
360, 1584454660429, client23, scan3, debloquer, [], 0
361, 1584454660430, client19, caisse3, ouvrirSession, [], 0
362, 1584454660433, client23, scan3, scanner, [45496420598], 0
363, 1584454660446, client19, caisse3, ajouter, [3570590109324], 0
364, 1584454660452, client23, scan3, scanner, [3017800238592], 0
365, 1584454660464, client19, caisse3, ajouter, [7640164630021], 0
366, 1584454660468, client23, scan3, scanner, [3560070976478], 0
367, 1584454660479, client19, caisse3, fermerSession, [], 0
368, 1584454660481, client20, scan1, scanner, [8715700110622], 0
369, 1584454660494, client23, scan3, scanner, [8718309259938], 0
370, 1584454660507, client19, caisse3, payer, [260], 6.409999999999997
371, 1584454660511, client21, scan2, scanner, [5410188006711], 0
372, 1584454660514, client23, scan3, scanner, [3560070048786], 0
373, 1584454660533, client23, scan3, scanner, [3270190022534], 0
374, 1584454660544, client20, scan1, scanner, [3560070139675], 0
375, 1584454660548, client23, scan3, scanner, [7640164630021], -2
376, 1584454660574, client22, scan0, scanner, [8718309259938], 0
377, 1584454660630, client22, scan0, scanner, [8718309259938], 0
378, 1584454660665, client20, scan1, transmission, [caisse0], 0
379, 1584454660665, client20, scan1, abandon, [], ?
380, 1584454660686, client24, scan1, debloquer, [], 0
381, 1584454660687, client20, caisse0, payer, [24.60], 0
382, 1584454660690, client24, scan1, scanner, [3046920010856], 0
383, 1584454660712, client24, scan1, scanner, [7640164630021], -2
384, 1584454660729, client24, scan1, scanner, [3520115810259], 0
385, 1584454660746, client24, scan1, scanner, [3474377910724], 0
386, 1584454660758, client21, scan2, scanner, [3245412567216], 0
387, 1584454660760, client23, scan3, scanner, [7640164630021], -2
388, 1584454660764, client24, scan1, scanner, [3245412567216], 0
389, 1584454660785, client22, scan0, scanner, [3020120029030], 0
390, 1584454660789, client23, scan3, scanner, [3560070139675], 0
391, 1584454660794, client24, scan1, scanner, [8715700110622], 0
392, 1584454660813, client21, scan2, transmission, [caisse1], 0
393, 1584454660813, client21, scan2, abandon, [], ?
394, 1584454660814, client22, scan0, scanner, [5410188006711], 0
395, 1584454660831, client24, scan1, supprimer, [8715700110622], 0
396, 1584454660833, client24, scan1, scanner, [3046920010856], 0
397, 1584454660845, client25, scan2, debloquer, [], 0
398, 1584454660847, client21, caisse1, payer, [30], 5.699999999999999
399, 1584454660849, client22, scan0, transmission, [caisse2], 0
400, 1584454660849, client22, scan0, abandon, [], ?
401, 1584454660854, client24, scan1, scanner, [3520115810259], 0
402, 1584454660858, client25, scan2, scanner, [3245412567216], 0
403, 1584454660877, client26, scan0, debloquer, [], 0
404, 1584454660879, client22, caisse2, payer, [90], 6.739999999999995
405, 1584454660880, client23, scan3, scanner, [5410188006711], 0
406, 1584454660883, client24, scan1, scanner, [8718309259938], 0
407, 1584454660885, client25, scan2, scanner, [3270190022534], 0
408, 1584454660889, client26, scan0, scanner, [3020120029030], 0
409, 1584454660904, client24, scan1, scanner, [7640164630021], -2
410, 1584454660906, client25, scan2, scanner, [3245412567216], 0
411, 1584454660907, client26, scan0, scanner, [3020120029030], 0
412, 1584454660923, client24, scan1, scanner, [5410188006711], 0
413, 1584454660924, client25, scan2, scanner, [3560070048786], 0
414, 1584454660926, client26, scan0, scanner, [8718309259938], 0
415, 1584454660938, client24, scan1, scanner, [3020120029030], 0
416, 1584454660939, client25, scan2, scanner, [3017620402678], 0
417, 1584454660940, client26, scan0, scanner, [45496420598], 0
418, 1584454660952, client24, scan1, supprimer, [3020120029030], 0
419, 1584454660954, client24, scan1, scanner, [3046920010856], 0
420, 1584454660957, client25, scan2, scanner, [3017800238592], 0
421, 1584454660958, client26, scan0, scanner, [45496420598], 0
422, 1584454660972, client25, scan2, scanner, [3046920010856], 0
423, 1584454660974, client26, scan0, scanner, [3270190022534], 0
424, 1584454660988, client24, scan1, scanner, [3570590109324], -2
425, 1584454660991, client26, scan0, scanner, [3020120029030], 0
426, 1584454661008, client26, scan0, scanner, [7640164630021], -2
427, 1584454661027, client26, scan0, scanner, [3017800238592], 0
428, 1584454661041, client23, scan3, scanner, [8718309259938], 0
429, 1584454661048, client26, scan0, scanner, [8715700110622], 0
430, 1584454661072, client26, scan0, scanner, [3017800238592], 0
431, 1584454661098, client26, scan0, scanner, [3560070048786], 0
432, 1584454661119, client26, scan0, scanner, [3270190022534], 0
433, 1584454661144, client25, scan2, scanner, [5410188006711], 0
434, 1584454661229, client24, scan1, scanner, [5410188006711], 0
435, 1584454661242, client23, scan3, scanner, [45496420598], 0
436, 1584454661315, client23, scan3, transmission, [caisse3], 1
437, 1584454661345, client23, scan3, scanner, [45496420598], 0
438, 1584454661359, client23, scan3, scanner, [8718309259938], 0
439, 1584454661373, client23, scan3, scanner, [5410188006711], 0
440, 1584454661402, client23, scan3, scanner, [3560070139675], 0
441, 1584454661425, client24, scan1, scanner, [3520115810259], 0
442, 1584454661455, client23, scan3, scanner, [3270190022534], 0
443, 1584454661470, client23, scan3, scanner, [3560070048786], 0
444, 1584454661484, client23, scan3, scanner, [8718309259938], 0
445, 1584454661487, client25, scan2, scanner, [8718309259938], 0
446, 1584454661502, client23, scan3, scanner, [3560070976478], 0
447, 1584454661504, client24, scan1, transmission, [caisse0], 0
448, 1584454661505, client24, scan1, abandon, [], ?
449, 1584454661519, client27, scan1, debloquer, [], 0
450, 1584454661521, client23, scan3, scanner, [3017800238592], 0
451, 1584454661522, client24, caisse0, ouvrirSession, [], 0
452, 1584454661525, client27, scan1, scanner, [5410188006711], 0
453, 1584454661540, client23, scan3, scanner, [45496420598], 0
454, 1584454661541, client24, caisse0, ajouter, [3570590109324], 0
455, 1584454661547, client27, scan1, scanner, [3560070976478], 0
456, 1584454661575, client23, scan3, transmission, [caisse3], 0
457, 1584454661576, client23, scan3, abandon, [], ?
458, 1584454661576, client24, caisse0, ajouter, [7640164630021], 0
459, 1584454661579, client27, scan1, scanner, [8718309259938], 0
460, 1584454661591, client28, scan3, debloquer, [], 0
461, 1584454661592, client23, caisse3, ouvrirSession, [], 0
462, 1584454661593, client24, caisse0, ajouter, [7640164630021], 0
463, 1584454661595, client27, scan1, scanner, [3474377910724], 0
464, 1584454661595, client28, scan3, scanner, [3560070048786], 0
465, 1584454661606, client23, caisse3, ajouter, [7640164630021], 0
466, 1584454661608, client24, caisse0, fermerSession, [], 0
467, 1584454661609, client25, scan2, scanner, [7640164630021], -2
468, 1584454661611, client27, scan1, scanner, [8718309259938], 0
469, 1584454661611, client28, scan3, scanner, [3017620402678], 0
470, 1584454661628, client23, caisse3, ajouter, [7640164630021], 0
471, 1584454661629, client24, caisse0, payer, [517.80], 0
472, 1584454661630, client26, scan0, scanner, [8715700110622], 0
473, 1584454661631, client27, scan1, scanner, [7640164630021], -2
474, 1584454661632, client28, scan3, scanner, [3245412567216], 0
475, 1584454661644, client23, caisse3, fermerSession, [], 0
476, 1584454661645, client27, scan1, scanner, [3560070976478], 0
477, 1584454661646, client28, scan3, scanner, [7640164630021], -2
478, 1584454661662, client23, caisse3, payer, [588.76], 0
479, 1584454661662, client25, scan2, transmission, [caisse1], 0
480, 1584454661662, client25, scan2, abandon, [], ?
481, 1584454661664, client28, scan3, scanner, [3270190022534], 0
482, 1584454661675, client29, scan2, debloquer, [], 0
483, 1584454661676, client25, caisse1, ouvrirSession, [], 0
484, 1584454661677, client26, scan0, scanner, [3017800238592], 0
485, 1584454661678, client28, scan3, scanner, [8718309259938], 0
486, 1584454661679, client29, scan2, scanner, [3020120029030], 0
487, 1584454661695, client25, caisse1, ajouter, [7640164630021], 0
488, 1584454661696, client26, scan0, transmission, [caisse2], 0
489, 1584454661696, client26, scan0, abandon, [], ?
490, 1584454661697, client28, scan3, scanner, [5410188006711], 0
491, 1584454661698, client29, scan2, scanner, [3245412567216], 0
492, 1584454661710, client30, scan0, debloquer, [], 0
493, 1584454661710, client25, caisse1, fermerSession, [], 0
494, 1584454661711, client26, caisse2, ouvrirSession, [], 0
495, 1584454661711, client27, scan1, scanner, [3560071097424], 0
496, 1584454661713, client28, scan3, scanner, [8718309259938], 0
497, 1584454661713, client29, scan2, scanner, [8718309259938], 0
498, 1584454661714, client30, scan0, scanner, [3046920010856], 0
499, 1584454661741, client25, caisse1, payer, [250], 2.8400000000000034
500, 1584454661741, client26, caisse2, ajouter, [7640164630021], 0
501, 1584454661741, client27, scan1, supprimer, [3560071097424], 0
502, 1584454661742, client28, scan3, scanner, [45496420598], 0
503, 1584454661745, client29, scan2, scanner, [3270190022534], 0
504, 1584454661746, client30, scan0, scanner, [5410188006711], 0
505, 1584454661766, client26, caisse2, fermerSession, [], 0
506, 1584454661777, client27, scan1, scanner, [3017620402678], 0
507, 1584454661784, client28, scan3, scanner, [3560070139675], 0
508, 1584454661792, client29, scan2, scanner, [3270190022534], 0
509, 1584454661794, client30, scan0, scanner, [7640164630021], -2
510, 1584454661807, client26, caisse2, payer, [370], 9.819999999999993
511, 1584454661811, client28, scan3, scanner, [3046920010856], 0
512, 1584454661815, client30, scan0, scanner, [3520115810259], 0
513, 1584454661830, client28, scan3, scanner, [45496420598], 0
514, 1584454661831, client29, scan2, scanner, [8718309259938], 0
515, 1584454661833, client30, scan0, scanner, [7640164630021], -2
516, 1584454661847, client28, scan3, scanner, [8718309259938], 0
517, 1584454661850, client30, scan0, scanner, [3017800238592], 0
518, 1584454661864, client30, scan0, scanner, [3270190022534], 0
519, 1584454661883, client30, scan0, scanner, [3560070048786], 0
520, 1584454661908, client30, scan0, scanner, [3020120029030], 0
521, 1584454661924, client30, scan0, scanner, [3270190022534], 0
522, 1584454661937, client29, scan2, scanner, [7640164630021], -2
523, 1584454661939, client30, scan0, scanner, [3474377910724], 0
524, 1584454661955, client30, scan0, scanner, [3520115810259], 0
525, 1584454661970, client30, scan0, scanner, [3560070048786], 0
526, 1584454662040, client28, scan3, supprimer, [8718309259938], 0
527, 1584454662093, client30, scan0, scanner, [7640164630021], -2
528, 1584454662192, client27, scan1, scanner, [3017800238592], 0
529, 1584454662259, client28, scan3, scanner, [3570590109324], -2
530, 1584454662308, client29, scan2, supprimer, [7640164630021], -2
531, 1584454662372, client28, scan3, supprimer, [3570590109324], -2
532, 1584454662389, client30, scan0, scanner, [45496420598], 0
533, 1584454662444, client27, scan1, transmission, [caisse0], 1
534, 1584454662476, client27, scan1, scanner, [3017800238592], 0
535, 1584454662478, client28, scan3, supprimer, [45496420598], 0
536, 1584454662479, client28, scan3, transmission, [caisse3], 0
537, 1584454662479, client28, scan3, abandon, [], ?
538, 1584454662492, client31, scan3, debloquer, [], 0
539, 1584454662493, client27, scan1, scanner, [3017620402678], 0
540, 1584454662493, client28, caisse3, ouvrirSession, [], 0
541, 1584454662496, client31, scan3, scanner, [3474377910724], 0
542, 1584454662508, client27, scan1, scanner, [3560070976478], 0
543, 1584454662510, client28, caisse3, ajouter, [3570590109324], 0
544, 1584454662513, client31, scan3, scanner, [7640164630021], -2
545, 1584454662524, client28, caisse3, ajouter, [7640164630021], 0
546, 1584454662528, client31, scan3, scanner, [3046920010856], 0
547, 1584454662539, client27, scan1, scanner, [8718309259938], 0
548, 1584454662540, client28, caisse3, fermerSession, [], 0
549, 1584454662543, client31, scan3, scanner, [5410188006711], 0
550, 1584454662554, client27, scan1, scanner, [3474377910724], 0
551, 1584454662555, client28, caisse3, payer, [320], 7.449999999999989
552, 1584454662557, client29, scan2, transmission, [caisse1], 0
553, 1584454662557, client29, scan2, abandon, [], ?
554, 1584454662560, client31, scan3, scanner, [3270190022534], 0
555, 1584454662576, client32, scan2, debloquer, [], 0
556, 1584454662577, client27, scan1, scanner, [8718309259938], 0
557, 1584454662577, client29, caisse1, ouvrirSession, [], 0
558, 1584454662581, client31, scan3, scanner, [8715700110622], 0
559, 1584454662583, client32, scan2, scanner, [3046920010856], 0
560, 1584454662616, client27, scan1, scanner, [3560070976478], 0
561, 1584454662621, client29, caisse1, ajouter, [7640164630021], 0
562, 1584454662625, client31, scan3, scanner, [3020120029030], 0
563, 1584454662628, client32, scan2, scanner, [3046920010856], 0
564, 1584454662639, client27, scan1, scanner, [5410188006711], 0
565, 1584454662640, client29, caisse1, fermerSession, [], 0
566, 1584454662641, client30, scan0, transmission, [caisse2], 1
567, 1584454662642, client32, scan2, scanner, [8715700110622], 0
568, 1584454662660, client27, scan1, transmission, [caisse0], 0
569, 1584454662661, client27, scan1, abandon, [], ?
570, 1584454662662, client29, caisse1, payer, [250], 6.469999999999999
571, 1584454662664, client32, scan2, scanner, [3560071097424], 0
572, 1584454662677, client33, scan1, debloquer, [], 0
573, 1584454662678, client27, caisse0, ouvrirSession, [], 0
574, 1584454662680, client30, scan0, scanner, [45496420598], 0
575, 1584454662682, client32, scan2, scanner, [5410188006711], 0
576, 1584454662683, client33, scan1, scanner, [3046920010856], 0
577, 1584454662695, client27, caisse0, ajouter, [7640164630021], 0
578, 1584454662700, client33, scan1, scanner, [5410188006711], 0
579, 1584454662712, client27, caisse0, fermerSession, [], 0
580, 1584454662712, client30, scan0, scanner, [3560070048786], 0
581, 1584454662714, client32, scan2, scanner, [3560070048786], 0
582, 1584454662716, client33, scan1, scanner, [3020120029030], 0
583, 1584454662727, client27, caisse0, payer, [260], 2.1100000000000136
584, 1584454662727, client30, scan0, scanner, [3520115810259], 0
585, 1584454662730, client33, scan1, scanner, [45496420598], 0
586, 1584454662741, client30, scan0, scanner, [3474377910724], 0
587, 1584454662745, client33, scan1, scanner, [45496420598], 0
588, 1584454662757, client30, scan0, scanner, [3270190022534], 0
589, 1584454662762, client33, scan1, scanner, [3245412567216], 0
590, 1584454662779, client30, scan0, scanner, [3020120029030], 0
591, 1584454662789, client33, scan1, scanner, [3020120029030], 0
592, 1584454662811, client30, scan0, scanner, [3560070048786], 0
593, 1584454662826, client33, scan1, scanner, [3017620402678], 0
594, 1584454662840, client30, scan0, scanner, [3270190022534], 0
595, 1584454662910, client30, scan0, scanner, [3017800238592], 0
596, 1584454662943, client30, scan0, scanner, [3520115810259], 0
597, 1584454662962, client32, scan2, scanner, [3570590109324], -2
598, 1584454662990, client30, scan0, scanner, [5410188006711], 0
599, 1584454663010, client30, scan0, scanner, [3046920010856], 0
600, 1584454663026, client31, scan3, scanner, [8718309259938], 0
601, 1584454663045, client30, scan0, transmission, [caisse2], 0
602, 1584454663046, client30, scan0, abandon, [], ?
603, 1584454663051, client33, scan1, scanner, [3474377910724], 0
604, 1584454663074, client34, scan0, debloquer, [], 0
605, 1584454663076, client30, caisse2, ouvrirSession, [], 0
606, 1584454663100, client34, scan0, scanner, [8715700110622], 0
607, 1584454663121, client30, caisse2, ajouter, [7640164630021], 0
608, 1584454663139, client34, scan0, scanner, [3560070139675], 0
609, 1584454663173, client30, caisse2, ajouter, [7640164630021], 0
610, 1584454663176, client31, scan3, scanner, [3560070976478], 0
611, 1584454663191, client34, scan0, scanner, [3570590109324], -2
612, 1584454663225, client30, caisse2, ajouter, [7640164630021], 0
613, 1584454663234, client34, scan0, scanner, [8718309259938], 0
614, 1584454663262, client30, caisse2, fermerSession, [], 0
615, 1584454663268, client31, scan3, scanner, [3560070139675], 0
616, 1584454663280, client34, scan0, scanner, [8718309259938], 0
617, 1584454663307, client30, caisse2, payer, [781.23], 0
618, 1584454663314, client34, scan0, scanner, [3017620402678], 0
619, 1584454663339, client34, scan0, scanner, [3270190022534], 0
620, 1584454663355, client34, scan0, scanner, [3560070139675], 0
621, 1584454663368, client31, scan3, transmission, [caisse3], 0
622, 1584454663368, client31, scan3, abandon, [], ?
623, 1584454663371, client34, scan0, scanner, [7640164630021], -2
624, 1584454663383, client35, scan3, debloquer, [], 0
625, 1584454663383, client31, caisse3, ouvrirSession, [], 0
626, 1584454663388, client34, scan0, scanner, [5410188006711], 0
627, 1584454663389, client35, scan3, scanner, [3560070048786], 0
628, 1584454663400, client31, caisse3, ajouter, [7640164630021], 0
629, 1584454663404, client34, scan0, scanner, [3017800238592], 0
630, 1584454663407, client35, scan3, scanner, [3245412567216], 0
631, 1584454663419, client31, caisse3, fermerSession, [], 0
632, 1584454663423, client34, scan0, scanner, [5410188006711], 0
633, 1584454663424, client35, scan3, scanner, [8715700110622], 0
634, 1584454663438, client31, caisse3, payer, [260], 5.569999999999993
635, 1584454663440, client34, scan0, scanner, [3560070976478], 0
636, 1584454663441, client35, scan3, scanner, [3270190022534], 0
637, 1584454663454, client35, scan3, scanner, [3560071097424], 0
638, 1584454663466, client32, scan2, transmission, [caisse1], 0
639, 1584454663467, client32, scan2, abandon, [], ?
640, 1584454663471, client35, scan3, scanner, [5410188006711], 0
641, 1584454663484, client36, scan2, debloquer, [], 0
642, 1584454663484, client32, caisse1, ouvrirSession, [], 0
643, 1584454663487, client35, scan3, scanner, [3270190022534], 0
644, 1584454663489, client36, scan2, scanner, [7640164630021], -2
645, 1584454663518, client32, caisse1, ajouter, [3570590109324], 0
646, 1584454663523, client35, scan3, scanner, [5410188006711], 0
647, 1584454663524, client36, scan2, scanner, [5410188006711], 0
648, 1584454663537, client32, caisse1, fermerSession, [], 0
649, 1584454663540, client33, scan1, transmission, [caisse0], 0
650, 1584454663540, client33, scan1, abandon, [], ?
651, 1584454663542, client35, scan3, scanner, [3270190022534], 0
652, 1584454663544, client36, scan2, scanner, [3560070976478], 0
653, 1584454663558, client37, scan1, debloquer, [], 0
654, 1584454663559, client32, caisse1, payer, [20], 2.120000000000001
655, 1584454663561, client33, caisse0, payer, [130], 0.5300000000000011
656, 1584454663567, client35, scan3, scanner, [3046920010856], 0
657, 1584454663573, client36, scan2, scanner, [3560070139675], 0
658, 1584454663577, client37, scan1, scanner, [3046920010856], 0
659, 1584454663593, client35, scan3, scanner, [3560070139675], 0
660, 1584454663594, client36, scan2, scanner, [3560070139675], 0
661, 1584454663595, client37, scan1, scanner, [3017800238592], 0
662, 1584454663608, client35, scan3, scanner, [3046920010856], 0
663, 1584454663610, client36, scan2, scanner, [5410188006711], 0
664, 1584454663611, client37, scan1, scanner, [5410188006711], 0
665, 1584454663625, client35, scan3, scanner, [45496420598], 0
666, 1584454663626, client36, scan2, scanner, [3560070976478], 0
667, 1584454663628, client37, scan1, scanner, [5410188006711], 0
668, 1584454663645, client36, scan2, scanner, [3560071097424], 0
669, 1584454663650, client37, scan1, scanner, [3270190022534], 0
670, 1584454663674, client36, scan2, scanner, [3020120029030], 0
671, 1584454663676, client37, scan1, scanner, [3020120029030], 0
672, 1584454663693, client36, scan2, scanner, [3270190022534], 0
673, 1584454663694, client37, scan1, scanner, [3046920010856], 0
674, 1584454663714, client36, scan2, scanner, [8718309259938], 0
675, 1584454663727, client36, scan2, scanner, [3017800238592], 0
676, 1584454663742, client36, scan2, scanner, [3046920010856], 0
677, 1584454663758, client37, scan1, scanner, [3020120029030], 0
678, 1584454663864, client34, scan0, scanner, [3560070976478], 0
679, 1584454663901, client34, scan0, scanner, [8718309259938], 0
680, 1584454663919, client34, scan0, scanner, [8715700110622], 0
681, 1584454663956, client35, scan3, scanner, [3017620402678], 0
682, 1584454664117, client34, scan0, transmission, [caisse2], 0
683, 1584454664117, client34, scan0, abandon, [], ?
684, 1584454664119, client35, scan3, scanner, [8715700110622], 0
685, 1584454664133, client38, scan0, debloquer, [], 0
686, 1584454664134, client34, caisse2, ouvrirSession, [], 0
687, 1584454664139, client37, scan1, scanner, [3046920010856], 0
688, 1584454664140, client38, scan0, scanner, [3245412567216], 0
689, 1584454664151, client34, caisse2, ajouter, [7640164630021], 0
690, 1584454664156, client38, scan0, supprimer, [3245412567216], 0
691, 1584454664158, client38, scan0, scanner, [45496420598], 0
692, 1584454664176, client34, caisse2, ajouter, [3570590109324], 0
693, 1584454664179, client38, scan0, scanner, [3560071097424], 0
694, 1584454664191, client34, caisse2, fermerSession, [], 0
695, 1584454664192, client35, scan3, scanner, [3046920010856], 0
696, 1584454664194, client38, scan0, scanner, [3270190022534], 0
697, 1584454664205, client34, caisse2, payer, [269.95], 0
698, 1584454664208, client38, scan0, scanner, [3245412567216], 0
699, 1584454664223, client38, scan0, scanner, [7640164630021], -2
700, 1584454664239, client38, scan0, scanner, [8718309259938], 0
701, 1584454664250, client35, scan3, transmission, [caisse3], 0
702, 1584454664250, client35, scan3, abandon, [], ?
703, 1584454664266, client39, scan3, debloquer, [], 0
704, 1584454664269, client35, caisse3, payer, [77.52], 0
705, 1584454664273, client37, scan1, scanner, [3020120029030], 0
706, 1584454664274, client39, scan3, scanner, [8718309259938], 0
707, 1584454664294, client39, scan3, scanner, [3474377910724], 0
708, 1584454664312, client39, scan3, scanner, [45496420598], 0
709, 1584454664328, client39, scan3, scanner, [5410188006711], 0
710, 1584454664348, client39, scan3, scanner, [3560070048786], 0
711, 1584454664362, client38, scan0, scanner, [3245412567216], 0
712, 1584454664364, client39, scan3, scanner, [3020120029030], 0
713, 1584454664375, client36, scan2, transmission, [caisse0], 0
714, 1584454664376, client36, scan2, abandon, [], ?
715, 1584454664376, client37, scan1, transmission, [caisse1], 0
716, 1584454664377, client37, scan1, abandon, [], ?
717, 1584454664379, client39, scan3, scanner, [3560070976478], 0
718, 1584454664391, client40, scan1, debloquer, [], 0
719, 1584454664392, client36, caisse0, ouvrirSession, [], 0
720, 1584454664394, client37, caisse1, payer, [18.21], 0
721, 1584454664396, client39, scan3, scanner, [45496420598], 0
722, 1584454664398, client40, scan1, scanner, [3017620402678], 0
723, 1584454664411, client41, scan2, debloquer, [], 0
724, 1584454664411, client36, caisse0, ajouter, [7640164630021], 0
725, 1584454664413, client40, scan1, scanner, [3560070976478], 0
726, 1584454664416, client41, scan2, scanner, [3560070139675], 0
727, 1584454664426, client36, caisse0, fermerSession, [], 0
728, 1584454664429, client39, scan3, scanner, [3560070139675], 0
729, 1584454664431, client40, scan1, scanner, [8715700110622], 0
730, 1584454664433, client41, scan2, scanner, [3270190022534], 0
731, 1584454664445, client36, caisse0, payer, [260], 4.5
732, 1584454664448, client40, scan1, scanner, [3560070048786], 0
733, 1584454664450, client41, scan2, scanner, [5410188006711], 0
734, 1584454664463, client40, scan1, scanner, [3560070048786], 0
735, 1584454664465, client41, scan2, scanner, [3020120029030], 0
736, 1584454664478, client41, scan2, scanner, [3020120029030], 0
737, 1584454664492, client41, scan2, scanner, [3046920010856], 0
738, 1584454664674, client41, scan2, supprimer, [3046920010856], 0
739, 1584454664706, client40, scan1, scanner, [3046920010856], 0
740, 1584454664737, client38, scan0, scanner, [3245412567216], 0
741, 1584454664934, client38, scan0, scanner, [5410188006711], 0
742, 1584454665014, client38, scan0, transmission, [caisse2], 0
743, 1584454665015, client38, scan0, abandon, [], ?
744, 1584454665031, client42, scan0, debloquer, [], 0
745, 1584454665033, client38, caisse2, ouvrirSession, [], 0
746, 1584454665047, client42, scan0, scanner, [3270190022534], 0
747, 1584454665079, client38, caisse2, ajouter, [7640164630021], 0
748, 1584454665099, client41, scan2, scanner, [45496420598], 0
749, 1584454665111, client42, scan0, scanner, [8715700110622], 0
750, 1584454665128, client38, caisse2, fermerSession, [], 0
751, 1584454665129, client39, scan3, transmission, [caisse3], 0
752, 1584454665129, client39, scan3, abandon, [], ?
753, 1584454665132, client42, scan0, scanner, [3017800238592], 0
754, 1584454665152, client43, scan3, debloquer, [], 0
755, 1584454665154, client38, caisse2, payer, [300], 0.9200000000000159
756, 1584454665155, client39, caisse3, payer, [131.83], 0
757, 1584454665158, client40, scan1, scanner, [3270190022534], 0
758, 1584454665161, client42, scan0, scanner, [7640164630021], -2
759, 1584454665163, client43, scan3, scanner, [8715700110622], 0
760, 1584454665189, client42, scan0, scanner, [3560071097424], 0
761, 1584454665191, client43, scan3, scanner, [3474377910724], 0
762, 1584454665209, client40, scan1, transmission, [caisse1], 0
763, 1584454665210, client40, scan1, abandon, [], ?
764, 1584454665215, client43, scan3, scanner, [5410188006711], 0
765, 1584454665234, client44, scan1, debloquer, [], 0
766, 1584454665235, client40, caisse1, payer, [10], 0.9100000000000001
767, 1584454665242, client43, scan3, scanner, [3474377910724], 0
768, 1584454665247, client44, scan1, scanner, [8718309259938], 0
769, 1584454665273, client41, scan2, transmission, [caisse0], 0
770, 1584454665273, client41, scan2, abandon, [], ?
771, 1584454665275, client43, scan3, scanner, [3520115810259], 0
772, 1584454665276, client44, scan1, scanner, [3046920010856], 0
773, 1584454665306, client45, scan2, debloquer, [], 0
774, 1584454665309, client41, caisse0, payer, [70], 6.939999999999998
775, 1584454665314, client44, scan1, scanner, [8718309259938], 0
776, 1584454665315, client45, scan2, scanner, [3046920010856], 0
777, 1584454665330, client43, scan3, scanner, [3560070048786], 0
778, 1584454665332, client44, scan1, scanner, [3570590109324], -2
779, 1584454665335, client45, scan2, scanner, [3474377910724], 0
780, 1584454665351, client44, scan1, scanner, [3020120029030], 0
781, 1584454665355, client45, scan2, scanner, [3020120029030], 0
782, 1584454665374, client44, scan1, scanner, [7640164630021], -2
783, 1584454665377, client45, scan2, scanner, [3046920010856], 0
784, 1584454665398, client44, scan1, scanner, [45496420598], 0
785, 1584454665400, client45, scan2, scanner, [3570590109324], -2
786, 1584454665415, client43, scan3, scanner, [3570590109324], -2
787, 1584454665544, client42, scan0, scanner, [45496420598], 0
788, 1584454665674, client45, scan2, scanner, [7640164630021], -2
789, 1584454665690, client42, scan0, scanner, [8718309259938], 0
790, 1584454665692, client43, scan3, scanner, [3020120029030], 0
791, 1584454666000, client42, scan0, transmission, [caisse2], 0
792, 1584454666001, client42, scan0, abandon, [], ?
793, 1584454666002, client43, scan3, transmission, [caisse3], 0
794, 1584454666003, client43, scan3, abandon, [], ?
795, 1584454666016, client46, scan0, debloquer, [], 0
796, 1584454666018, client42, caisse2, ouvrirSession, [], 0
797, 1584454666020, client43, caisse3, ouvrirSession, [], 0
798, 1584454666022, client46, scan0, scanner, [3520115810259], 0
799, 1584454666034, client47, scan3, debloquer, [], 0
800, 1584454666038, client42, caisse2, ajouter, [7640164630021], 0
801, 1584454666039, client43, caisse3, ajouter, [3570590109324], 0
802, 1584454666044, client46, scan0, scanner, [3270190022534], 0
803, 1584454666046, client47, scan3, scanner, [3520115810259], 0
804, 1584454666068, client42, caisse2, fermerSession, [], 0
805, 1584454666071, client43, caisse3, fermerSession, [], 0
806, 1584454666076, client44, scan1, transmission, [caisse1], 0
807, 1584454666077, client44, scan1, abandon, [], ?
808, 1584454666079, client46, scan0, scanner, [3020120029030], 0
809, 1584454666081, client47, scan3, scanner, [3020120029030], 0
810, 1584454666108, client48, scan1, debloquer, [], 0
811, 1584454666109, client42, caisse2, payer, [300], 4.319999999999993
812, 1584454666110, client43, caisse3, payer, [38.85], 0
813, 1584454666111, client44, caisse1, ouvrirSession, [], 0
814, 1584454666114, client46, scan0, scanner, [3560070976478], 0
815, 1584454666117, client47, scan3, scanner, [5410188006711], 0
816, 1584454666119, client48, scan1, scanner, [5410188006711], 0
817, 1584454666157, client44, caisse1, ajouter, [7640164630021], 0
818, 1584454666159, client45, scan2, transmission, [caisse0], 0
819, 1584454666159, client45, scan2, abandon, [], ?
820, 1584454666160, client46, scan0, scanner, [3020120029030], 0
821, 1584454666162, client47, scan3, scanner, [8715700110622], 0
822, 1584454666163, client48, scan1, scanner, [45496420598], 0
823, 1584454666176, client49, scan2, debloquer, [], 0
824, 1584454666177, client44, caisse1, ajouter, [3570590109324], 0
825, 1584454666178, client45, caisse0, ouvrirSession, [], 0
826, 1584454666180, client47, scan3, scanner, [3570590109324], -2
827, 1584454666183, client48, scan1, scanner, [3046920010856], 0
828, 1584454666184, client49, scan2, scanner, [8718309259938], 0
829, 1584454666209, client44, caisse1, fermerSession, [], 0
830, 1584454666211, client45, caisse0, ajouter, [7640164630021], 0
831, 1584454666214, client47, scan3, scanner, [3560070139675], 0
832, 1584454666216, client48, scan1, scanner, [3560070976478], 0
833, 1584454666218, client49, scan2, scanner, [3017620402678], 0
834, 1584454666261, client44, caisse1, payer, [305.38], 0
835, 1584454666263, client45, caisse0, ajouter, [3570590109324], 0
836, 1584454666265, client47, scan3, scanner, [3560071097424], 0
837, 1584454666266, client48, scan1, scanner, [45496420598], 0
838, 1584454666268, client49, scan2, scanner, [3270190022534], 0
839, 1584454666291, client45, caisse0, fermerSession, [], 0
840, 1584454666294, client49, scan2, scanner, [3520115810259], 0
841, 1584454666311, client45, caisse0, payer, [251.70], 0
842, 1584454666314, client49, scan2, scanner, [3560070048786], 0
843, 1584454666354, client49, scan2, scanner, [8715700110622], 0
844, 1584454666394, client48, scan1, scanner, [3520115810259], 0
845, 1584454666396, client49, scan2, scanner, [3270190022534], 0
846, 1584454666487, client46, scan0, scanner, [3270190022534], 0
847, 1584454666528, client48, scan1, scanner, [8718309259938], 0
848, 1584454666554, client49, scan2, scanner, [8718309259938], 0
849, 1584454666597, client48, scan1, supprimer, [8718309259938], 0
850, 1584454666759, client48, scan1, supprimer, [3520115810259], 0
851, 1584454666807, client49, scan2, scanner, [3046920010856], 0
852, 1584454666916, client46, scan0, transmission, [caisse2], 0
853, 1584454666916, client46, scan0, abandon, [], ?
854, 1584454666918, client47, scan3, transmission, [caisse3], 0
855, 1584454666919, client47, scan3, abandon, [], ?
856, 1584454666923, client49, scan2, scanner, [5410188006711], 0
857, 1584454666943, client50, scan0, debloquer, [], 0
858, 1584454666945, client46, caisse2, payer, [20], 5.01
859, 1584454666946, client47, caisse3, ouvrirSession, [], 0
860, 1584454666953, client50, scan0, scanner, [3245412567216], 0
861, 1584454666983, client51, scan3, debloquer, [], 0
862, 1584454666984, client47, caisse3, ajouter, [3570590109324], 0
863, 1584454666993, client50, scan0, scanner, [3560071097424], 0
864, 1584454666995, client51, scan3, scanner, [8715700110622], 0
865, 1584454667014, client47, caisse3, fermerSession, [], 0
866, 1584454667020, client50, scan0, scanner, [3560070139675], 0
867, 1584454667022, client51, scan3, scanner, [8715700110622], 0
868, 1584454667038, client47, caisse3, payer, [30], 4.879999999999999
869, 1584454667042, client50, scan0, scanner, [3020120029030], 0
870, 1584454667044, client51, scan3, scanner, [3270190022534], 0
871, 1584454667068, client50, scan0, scanner, [3046920010856], 0
872, 1584454667072, client51, scan3, scanner, [3474377910724], 0
873, 1584454667125, client48, scan1, transmission, [caisse1], 0
874, 1584454667126, client48, scan1, abandon, [], ?
875, 1584454667140, client50, scan0, scanner, [3046920010856], 0
876, 1584454667146, client51, scan3, scanner, [8718309259938], 0
877, 1584454667166, client52, scan1, debloquer, [], 0
878, 1584454667180, client48, caisse1, payer, [116.08], 0
879, 1584454667182, client49, scan2, transmission, [caisse0], 0
880, 1584454667183, client49, scan2, abandon, [], ?
881, 1584454667195, client50, scan0, scanner, [3017800238592], 0
882, 1584454667200, client52, scan1, scanner, [7640164630021], -2
883, 1584454667230, client53, scan2, debloquer, [], 0
884, 1584454667231, client49, caisse0, payer, [26.80], 0
885, 1584454667234, client52, scan1, scanner, [3570590109324], -2
886, 1584454667242, client53, scan2, scanner, [3270190022534], 0
887, 1584454667282, client52, scan1, scanner, [8715700110622], 0
888, 1584454667327, client52, scan1, scanner, [3017620402678], 0
889, 1584454667337, client53, scan2, scanner, [8715700110622], 0
890, 1584454667376, client52, scan1, scanner, [8718309259938], 0
891, 1584454667385, client53, scan2, scanner, [3020120029030], 0
892, 1584454667411, client52, scan1, scanner, [3560070976478], 0
893, 1584454667414, client53, scan2, scanner, [3020120029030], 0
894, 1584454667452, client52, scan1, scanner, [3474377910724], 0
895, 1584454667454, client53, scan2, scanner, [8718309259938], 0
896, 1584454667471, client53, scan2, scanner, [3046920010856], 0
897, 1584454667567, client52, scan1, supprimer, [3474377910724], 0
898, 1584454667595, client50, scan0, scanner, [3020120029030], 0
899, 1584454667613, client52, scan1, scanner, [3017800238592], 0
900, 1584454667639, client51, scan3, scanner, [3046920010856], 0
901, 1584454667706, client50, scan0, scanner, [5410188006711], 0
902, 1584454667759, client50, scan0, transmission, [caisse2], 0
903, 1584454667760, client50, scan0, abandon, [], ?
904, 1584454667766, client52, scan1, scanner, [3520115810259], 0
905, 1584454667809, client54, scan0, debloquer, [], 0
906, 1584454667822, client50, caisse2, payer, [20], 2.4200000000000017
907, 1584454667828, client54, scan0, scanner, [7640164630021], -2
908, 1584454667878, client51, scan3, transmission, [caisse3], 0
909, 1584454667878, client51, scan3, abandon, [], ?
910, 1584454667887, client54, scan0, scanner, [3046920010856], 0
911, 1584454667912, client55, scan3, debloquer, [], 0
912, 1584454667914, client51, caisse3, payer, [20], 2.2399999999999984
913, 1584454667917, client54, scan0, scanner, [45496420598], 0
914, 1584454667919, client55, scan3, scanner, [3017620402678], 0
915, 1584454667959, client54, scan0, scanner, [3245412567216], 0
916, 1584454667960, client55, scan3, scanner, [5410188006711], 0
917, 1584454667979, client53, scan2, scanner, [3245412567216], 0
918, 1584454667982, client54, scan0, scanner, [3017800238592], 0
919, 1584454667983, client55, scan3, scanner, [8715700110622], 0
920, 1584454668003, client52, scan1, transmission, [caisse1], 0
921, 1584454668003, client52, scan1, abandon, [], ?
922, 1584454668010, client54, scan0, scanner, [3560070139675], 0
923, 1584454668015, client55, scan3, scanner, [7640164630021], -2
924, 1584454668039, client56, scan1, debloquer, [], 0
925, 1584454668040, client52, caisse1, ouvrirSession, [], 0
926, 1584454668043, client54, scan0, scanner, [3560071097424], 0
927, 1584454668045, client55, scan3, scanner, [5410188006711], 0
928, 1584454668049, client56, scan1, scanner, [5410188006711], 0
929, 1584454668081, client52, caisse1, ajouter, [3570590109324], 0
930, 1584454668082, client53, scan2, transmission, [caisse0], 0
931, 1584454668083, client53, scan2, abandon, [], ?
932, 1584454668088, client55, scan3, scanner, [3520115810259], 0
933, 1584454668089, client56, scan1, scanner, [3046920010856], 0
934, 1584454668150, client57, scan2, debloquer, [], 0
935, 1584454668151, client52, caisse1, ajouter, [7640164630021], 0
936, 1584454668152, client53, caisse0, payer, [20], 6.93
937, 1584454668155, client55, scan3, scanner, [3245412567216], 0
938, 1584454668159, client56, scan1, scanner, [3560070048786], 0
939, 1584454668161, client57, scan2, scanner, [5410188006711], 0
940, 1584454668179, client52, caisse1, fermerSession, [], 0
941, 1584454668182, client56, scan1, scanner, [3020120029030], 0
942, 1584454668185, client57, scan2, scanner, [3017800238592], 0
943, 1584454668213, client52, caisse1, payer, [257.48], 0
944, 1584454668248, client56, scan1, scanner, [5410188006711], 0
945, 1584454668257, client57, scan2, scanner, [3560070976478], 0
946, 1584454668292, client56, scan1, scanner, [3520115810259], 0
947, 1584454668295, client57, scan2, scanner, [3560070139675], 0
948, 1584454668325, client56, scan1, scanner, [3570590109324], -2
949, 1584454668346, client57, scan2, scanner, [8715700110622], 0
950, 1584454668377, client56, scan1, supprimer, [3570590109324], -2
951, 1584454668380, client57, scan2, scanner, [5410188006711], 0
952, 1584454668412, client57, scan2, scanner, [8718309259938], 0
953, 1584454668435, client55, scan3, supprimer, [3245412567216], 0
954, 1584454668437, client55, scan3, scanner, [8715700110622], 0
955, 1584454668440, client56, scan1, scanner, [3560070139675], 0
956, 1584454668442, client57, scan2, scanner, [3560070048786], 0
957, 1584454668465, client54, scan0, scanner, [3017800238592], 0
958, 1584454668470, client57, scan2, scanner, [3560070048786], 0
959, 1584454668491, client57, scan2, scanner, [3560070139675], 0
960, 1584454668537, client57, scan2, scanner, [3474377910724], 0
961, 1584454668567, client57, scan2, scanner, [5410188006711], 0
962, 1584454668597, client56, scan1, scanner, [3245412567216], 0
963, 1584454668630, client54, scan0, scanner, [3560070048786], 0
964, 1584454668669, client54, scan0, transmission, [caisse2], 0
965, 1584454668669, client54, scan0, abandon, [], ?
966, 1584454668684, client58, scan0, debloquer, [], 0
967, 1584454668685, client54, caisse2, ouvrirSession, [], 0
968, 1584454668693, client58, scan0, scanner, [3520115810259], 0
969, 1584454668745, client54, caisse2, ajouter, [7640164630021], 0
970, 1584454668758, client58, scan0, scanner, [7640164630021], -2
971, 1584454668777, client54, caisse2, fermerSession, [], 0
972, 1584454668778, client55, scan3, transmission, [caisse3], 0
973, 1584454668779, client55, scan3, abandon, [], ?
974, 1584454668784, client58, scan0, scanner, [45496420598], 0
975, 1584454668804, client59, scan3, debloquer, [], 0
976, 1584454668806, client54, caisse2, payer, [297.98], 0
977, 1584454668806, client55, caisse3, ouvrirSession, [], 0
978, 1584454668809, client58, scan0, scanner, [3474377910724], 0
979, 1584454668810, client59, scan3, scanner, [3017800238592], 0
980, 1584454668834, client55, caisse3, ajouter, [7640164630021], 0
981, 1584454668840, client58, scan0, scanner, [8718309259938], 0
982, 1584454668841, client59, scan3, scanner, [3570590109324], -2
983, 1584454668859, client55, caisse3, fermerSession, [], 0
984, 1584454668864, client58, scan0, scanner, [8715700110622], 0
985, 1584454668867, client59, scan3, scanner, [3245412567216], 0
986, 1584454668897, client55, caisse3, payer, [250], 3.530000000000001
987, 1584454668903, client58, scan0, scanner, [3560070139675], 0
988, 1584454668905, client59, scan3, scanner, [5410188006711], 0
989, 1584454668942, client59, scan3, scanner, [3020120029030], 0
990, 1584454668959, client56, scan1, supprimer, [3245412567216], 0
991, 1584454668961, client56, scan1, transmission, [caisse0], 0
992, 1584454668961, client56, scan1, abandon, [], ?
993, 1584454668967, client59, scan3, scanner, [3560070139675], 0
994, 1584454669000, client60, scan1, debloquer, [], 0
995, 1584454669001, client56, caisse0, ouvrirSession, [], 0
996, 1584454669010, client59, scan3, scanner, [8715700110622], 0
997, 1584454669012, client60, scan1, scanner, [3520115810259], 0
998, 1584454669043, client56, caisse0, ajouter, [3570590109324], 0
999, 1584454669044, client57, scan2, transmission, [caisse1], 0
1000, 1584454669045, client57, scan2, abandon, [], ?
1001, 1584454669047, client60, scan1, scanner, [3017620402678], 0
1002, 1584454669080, client56, caisse0, fermerSession, [], 0
1003, 1584454669081, client57, caisse1, payer, [30.42], 0
1004, 1584454669085, client60, scan1, scanner, [3270190022534], 0
1005, 1584454669120, client56, caisse0, payer, [30], 3.210000000000001
1006, 1584454669126, client60, scan1, scanner, [3270190022534], 0
1007, 1584454669144, client60, scan1, scanner, [3520115810259], 0
1008, 1584454669407, client60, scan1, scanner, [3560070139675], 0
1009, 1584454669447, client58, scan0, scanner, [8718309259938], 0
1010, 1584454669570, client59, scan3, supprimer, [8715700110622], 0
1011, 1584454669626, client58, scan0, transmission, [caisse2], 0
1012, 1584454669627, client58, scan0, abandon, [], ?
1013, 1584454669664, client58, caisse2, ouvrirSession, [], 0
1014, 1584454669679, client58, caisse2, ajouter, [7640164630021], 0
1015, 1584454669707, client58, caisse2, fermerSession, [], 0
1016, 1584454669708, client59, scan3, scanner, [3560071097424], 0
1017, 1584454669727, client58, caisse2, payer, [320], 5.819999999999993
1018, 1584454669729, client59, scan3, transmission, [caisse3], 0
1019, 1584454669730, client59, scan3, abandon, [], ?
1020, 1584454669768, client59, caisse3, ouvrirSession, [], 0
1021, 1584454669792, client59, caisse3, ajouter, [3570590109324], 0
1022, 1584454669818, client59, caisse3, fermerSession, [], 0
1023, 1584454669832, client59, caisse3, payer, [20], 0.6600000000000001
1024, 1584454669891, client60, scan1, transmission, [caisse1], 0
1025, 1584454669892, client60, scan1, abandon, [], ?
1026, 1584454669905, client60, caisse1, payer, [30], 8.059999999999999
